idx,header_val,title,fname,fpath
0,1,Android,Android.md,Android/Android.md
1,1,AppleScript,AppleScript.md,AppleScript/AppleScript.md
2,1,GIS,GIS.md,GIS/GIS.md
3,2,ngx,ngx.md,GIS/ngx/ngx.md
4,1,GoogleApp,GoogleApp.md,GoogleApp/GoogleApp.md
5,1,JavaScript,JavaScript.md,JavaScript/JavaScript.md
6,1,Linux Unix,Linux_Unix.md,Linux_Unix/Linux_Unix.md
7,1,Manuals,Manuals.md,Manuals/Manuals.md
8,1,Matlab,Matlab.md,Matlab/Matlab.md
9,1,Misc,Misc.md,Misc/Misc.md
10,1,Networking,Networking.md,Networking/Networking.md
11,1,OSX,OSX.md,OSX/OSX.md
12,2,Macports,Macports.md,OSX/Macports/Macports.md
13,1,PDF,PDF.md,PDF/PDF.md
14,1,Python,Python.md,Python/Python.md
15,2,cython numpy,cython_numpy.md,Python/cython_numpy/cython_numpy.md
16,1,Stack,Stack.md,Stack/Stack.md
17,2,ngx,ngx.md,Stack/ngx/ngx.md
18,2,pgSQL,pgSQL.md,Stack/pgSQL/pgSQL.md
19,1,Visual Basic,Visual_Basic.md,Visual_Basic/Visual_Basic.md
