idx,header_val,title,fname,fpath,f_ext,edit_path
0,1,Android,Android.md,Android/Android.md,md,Android/Android
1,1,AppleScript,AppleScript.md,AppleScript/AppleScript.md,md,AppleScript/AppleScript
2,1,GIS,GIS.md,GIS/GIS.md,md,GIS/GIS
3,2,ngx,ngx.md,GIS/ngx/ngx.md,md,GIS/ngx/ngx
4,1,GoogleApp,GoogleApp.md,GoogleApp/GoogleApp.md,md,GoogleApp/GoogleApp
5,1,JavaScript,JavaScript.md,JavaScript/JavaScript.md,md,JavaScript/JavaScript
6,1,Linux Unix,Linux_Unix.md,Linux_Unix/Linux_Unix.md,md,Linux_Unix/Linux_Unix
7,2,Log Aggregation and Tools,Log_Aggregation_and_Tools.md,Linux_Unix/Log_Aggregation_and_Tools.md,md,Linux_Unix/Log_Aggregation_and_Tools
8,1,Manuals,Manuals.md,Manuals/Manuals.md,md,Manuals/Manuals
9,1,Matlab,Matlab.md,Matlab/Matlab.md,md,Matlab/Matlab
10,1,Misc,Misc.md,Misc/Misc.md,md,Misc/Misc
11,1,Networking,Networking.md,Networking/Networking.md,md,Networking/Networking
12,1,OSX,OSX.md,OSX/OSX.md,md,OSX/OSX
13,2,Macports,Macports.md,OSX/Macports/Macports.md,md,OSX/Macports/Macports
14,1,PDF,PDF.md,PDF/PDF.md,md,PDF/PDF
15,1,Python,Python.md,Python/Python.md,md,Python/Python
16,2,cython numpy,cython_numpy.md,Python/cython_numpy/cython_numpy.md,.md,Python/cython_numpy/cython_nump
17,1,Stack,Stack.md,Stack/Stack.md,md,Stack/Stack
18,2,ngx,ngx.md,Stack/ngx/ngx.md,md,Stack/ngx/ngx
19,2,pgSQL,pgSQL.md,Stack/pgSQL/pgSQL.md,md,Stack/pgSQL/pgSQL
20,1,Visual Basic,Visual_Basic.md,Visual_Basic/Visual_Basic.md,md,Visual_Basic/Visual_Basic
